{
    "answers": {
        "phase":"architecture",
        "action": "problem understanding", 
        "scope":  "data management",
        "action experience":"little",
        "prog lang":  "js",
        "other prog lang": "<fill in>",
        "tool": "chat gpt 3.x", 
        "other tool": "<fill in>",
        "tool option": "free", 
        "tool experience":  "master",
        "time allocated (h)": "1",
        "time saved estimate (h)": "3", 
        "quality of ai help": "minor modifications needed", 
        "generic feeling":  "great in the future", 
        "notes": "<fill in>"
    }
}
