{
    "answers": {
        "phase": "requirements specification",
        "action": "requirements (non-functional)",
        "scope": "documentation (text)",
        "action experience": "little",
        "prog lang": "n/a",
        "other prog lang": "<fill in>",
        "tool": "chat gpt 3.x",
        "other tool": "<fill in>",
        "tool option": "free",
        "tool experience": "master",
        "time allocated (h)": "0.01",
        "time saved estimate (h)": "0", 
        "quality of ai help": "ready-to-use",
        "generic feeling": "great as-is",
        "notes": "<fill in>"
    }
}