{
  "answers": {
    "phase": "architecture",

    "action": "problem understanding",

    "scope": "backend",

    "action experience": "none",
    "prog lang": "js",

    "other prog lang": "<fill in>",
    "tool": "chat gpt 3.x",
    "other tool": "<fill in>",
    "tool option": "free",
    "tool experience": "enough",
    "time allocated (h)": "0.5",
    "time saved estimate (h)": "1",
    "quality of ai help": "ready-to-use",

    "generic feeling": "great as-is",

    "notes": "<fill in>"
  }
}
