{
  "answers": {
    "phase": "design",

    "action": "source code authoring",

    "scope": "backend",

    "action experience": "none",
    "prog lang": "js-node",

    "other prog lang": "<fill in>",
    "tool": "chat gpt 3.x",
    "other tool": "<fill in>",
    "tool option": "free",
    "tool experience": "enough",
    "time allocated (h)": "2",
    "time saved estimate (h)": "1",
    "quality of ai help": "major modifications needed",

    "generic feeling": "needs work",

    "notes": "<fill in>"
  }
}
