{
    "answers": {
        "phase": "deployment",
        "action":  "requirements (non-functional)",
        "scope": "documentation (text)",
        "action experience": "none",
        "prog lang": "n/a",
        "other prog lang": "<fill in>",
        "tool": "chat gpt 3.x",
        "other tool": "<fill in>",
        "tool option": "free",
        "tool experience":  "master",
        "time allocated (h)": "2",
        "time saved estimate (h)": "4", 
        "quality of ai help": "minor modifications needed",
        "generic feeling": "great as-is", 
        "notes": "<fill in>"
    }
}
