{
    "answers": {
        "phase": "requirements gathering",
        "action": "requirements (functional)",
        "scope": "documentation (text)",
        "action experience": "none",
        "prog lang": "n/a",
        "other prog lang": "<fill in>",
        "tool": "chat gpt 3.x",
        "other tool": "<fill in>",
        "tool option": "free",
        "tool experience": "enough",
        "time allocated (h)": "0.5",
        "time saved estimate (h)": "0.5",
        "quality of ai help": "minor modifications needed",
        "generic feeling": "needs work",
        "notes": "<fill in>"
    }
}
