{
    "answers": {
        "phase":  "coding",
        "action": "source code authoring",
        "scope": "data management",
        "action experience": "little",
        "prog lang": "js-node", 
        "other prog lang": "<fill in>",
        "tool": "chat gpt 3.x", 
        "other tool": "<fill in>",
        "tool option": "free",
        "tool experience": "master",
        "time allocated (h)": "2",
        "time saved estimate (h)": "4", 
        "quality of ai help":  "minor modifications needed", 
        "generic feeling":  "great in the future", 
        "notes": "<fill in>"
    }
}
