{
    "answers": {
        "phase":  "coding",
        "action": "source code authoring",
        "scope":  "data management",
        "action experience": "little",
        "prog lang": "js",
        "other prog lang": "<fill in>",
        "tool": "chat gpt 3.x", 
        "other tool": "<fill in>",
        "tool option": "free",
        "tool experience": "master",
        "time allocated (h)": "0.5",
        "time saved estimate (h)": "1.5", 
        "quality of ai help": "minor modifications needed", 
        "generic feeling": "great as-is", 
        "notes": "<fill in>"
    }
}
