{
    "answers": {
        "phase":  "requirements specification" ,
        "action": "problem understanding",
        "scope":  "uml other",
        "action experience": "little",
        "prog lang": "n/a",
        "other prog lang": "<fill in>",
        "tool": "chat gpt 3.x",
        "other tool": "<fill in>",
        "tool option": "free",
        "tool experience": "master",
        "time allocated (h)": "1",
        "time saved estimate (h)": "4", 
        "quality of ai help": "minor modifications needed",
        "generic feeling": "great as-is",
        "notes": "this is the chat dialog I used throughout the diagrams design process"
    }
}
