{
    "answers": {
        "phase":  "architecture",
        "action": "architectural decision",
        "scope": "api", 
        "action experience": "none",
        "prog lang": "n/a",
        "other prog lang": "<fill in>",
        "tool": "chat gpt 3.x",
        "other tool": "<fill in>",
        "tool option": "free",
        "tool experience":  "master",
        "time allocated (h)": "1.5",
        "time saved estimate (h)": "3", 
        "quality of ai help": "ready-to-use", 
        "generic feeling": "great as-is",
        "notes": "<fill in>"
    }
}
