{
  "answers": {
    "phase": "coding",
    "action": "source code authoring",

    "scope": "api",

    "action experience": "fair",
    "prog lang": "js",

    "other prog lang": "<fill in>",
    "tool": "chat gpt 3.x",
    "other tool": "<fill in>",
    "tool option": "free",
    "tool experience": "enough",
    "time allocated (h)": "3",
    "time saved estimate (h)": "1",
    "quality of ai help": "minor modifications needed",

    "generic feeling": "great in the future",

    "notes": "<fill in>"
  }
}
