{
    "answers": {
        "phase": "design",
        "action": "problem understanding",
        "scope": "uml other",
        "action experience": "little",
        "prog lang": "n/a",
        "other prog lang": "<fill in>",
        "tool": "chat gpt 3.x",
        "other tool": "<fill in>",
        "tool option": "free",
        "tool experience": "some",
        "time allocated (h)": "0.2",
        "time saved estimate (h)": "0", 
        "quality of ai help": "unusable",
        "generic feeling": "makes not sense",
        "notes": "The tools did not exist"
    }
}